[
  {
    "id": "1",
    "picture": null,
    "name": "Ali Reza",
    "address": "Tehran, Iran",
    "telephone": "0912-123-4567",
    "email": "ali.reza@example.com",
    "fathername": "Mohammad",
    "city": "Tehran"
  },

  {
    "id": "2",
    "picture": null,
    "name": "Ali Reza",
    "address": "Tehran, Iran",
    "telephone": "0912-123-4567",
    "email": "zli.reza@example.com",
    "fathername": "Mohammad",
    "city": "Tehran"
  },

  {
    "id": "3",

    "picture": null,
    "name": "Ali Reza",
    "address": "Tehran, Iran",
    "telephone": "0915-123-4567",
    "email": "qli.reza@example.com",
    "fathername": "Mohammad",
    "city": "Tehran"
  },

  {
    "id": "4",

    "picture": null,
    "name": "navid Reza",
    "address": "Tehran, Iran",
    "telephone": "0912-123-4567",
    "email": "uli.reza@example.com",
    "fathername": "Mohammad",
    "city": "Tehran"
  },

  {
    "id": "5",

    "picture": null,
    "name": "Ali Reza",
    "address": "Tehran, Iran",
    "telephone": "0915-123-4567",
    "email": "hli.reza@example.com",
    "fathername": "Mohammad",
    "city": "Tehran"
  },

  {
    "id": "6",
    "picture": null,
    "name": "Ali Reza",
    "address": "Tehran, Iran",
    "telephone": "0915-123-4567",
    "email": "wli.reza@example.com",
    "fathername": "Mohammad",
    "city": "Tehran"
  },

  {
    "id": "7",

    "picture": null,
    "name": "Ali Reza",
    "address": "Tehran, Iran",
    "telephone": "0912-123-4567",
    "email": "qli.reza@example.com",
    "fathername": "Mohammad",
    "city": "Tehran"
  },

  {
    "id": "8",

    "picture": null,
    "name": "Ali Reza",
    "address": "Tehran, Iran",
    "telephone": "0915-123-4567",
    "email": "dli.reza@example.com",
    "fathername": "Mohammad",
    "city": "Tehran"
  },

  {
    "id": "9",

    "picture": null,
    "name": "Ali Reza",
    "address": "Tehran, Iran",
    "telephone": "0912-123-4567",
    "email": "vli.reza@example.com",
    "fathername": "Mohammad",
    "city": "Tehran"
  }
]
